<?xml version="1.0" encoding="UTF-8"?>
<xs:schema xmlns:fme="http://www.safe.com/xml/xmltables" xmlns:xs="http://www.w3.org/2001/XMLSchema" targetNamespace="http://www.safe.com/xml/xmltables" elementFormDefault="qualified">
<xs:element name="xml-tables" type="fme:xml-tablesType"/>
<xs:element name="aardkundig_waardevolle_gebieden-table" type="fme:aardkundig_waardevolle_gebieden-tableType"/>
<xs:element name="aardkundig_waardevolle_gebieden" type="fme:aardkundig_waardevolle_gebiedenType"/>
<xs:complexType name="xml-tablesType">
<xs:sequence>
<xs:element ref="fme:aardkundig_waardevolle_gebieden-table" minOccurs="0"/>
</xs:sequence>
</xs:complexType>
<xs:complexType name="aardkundig_waardevolle_gebieden-tableType">
<xs:sequence>
<xs:element ref="fme:aardkundig_waardevolle_gebieden" minOccurs="0" maxOccurs="unbounded"/>
</xs:sequence>
</xs:complexType>
<xs:complexType name="aardkundig_waardevolle_gebiedenType">
<xs:sequence>
<xs:element name="OBJECTID_1" minOccurs="0" type="xs:int"/>
<xs:element name="objectid" minOccurs="0" type="xs:int"/>
<xs:element name="nummer" minOccurs="0" type="xs:double"/>
<xs:element name="naam" minOccurs="0">
<xs:simpleType>
<xs:restriction base="xs:string">
<xs:maxLength value="254"/>
</xs:restriction>
</xs:simpleType></xs:element>
<xs:element name="waardering" minOccurs="0">
<xs:simpleType>
<xs:restriction base="xs:string">
<xs:maxLength value="254"/>
</xs:restriction>
</xs:simpleType></xs:element>
<xs:element name="globalid" minOccurs="0">
<xs:simpleType>
<xs:restriction base="xs:string">
<xs:maxLength value="254"/>
</xs:restriction>
</xs:simpleType></xs:element>
<xs:element name="monumentge" minOccurs="0">
<xs:simpleType>
<xs:restriction base="xs:string">
<xs:maxLength value="254"/>
</xs:restriction>
</xs:simpleType></xs:element>
<xs:element name="Shape_Length" minOccurs="0" type="xs:double"/>
<xs:element name="Shape_Area" minOccurs="0" type="xs:double"/>
</xs:sequence>
</xs:complexType>
</xs:schema>
