<?xml version="1.0" encoding="UTF-8"?>
<schema xmlns:gmlsf="http://www.opengis.net/gmlsf" xmlns:fme="http://www.safe.com/gml/fme" xmlns:xlink="http://www.w3.org/1999/xlink" xmlns:gml="http://www.opengis.net/gml" xmlns="http://www.w3.org/2001/XMLSchema" targetNamespace="http://www.safe.com/gml/fme" elementFormDefault="qualified" version="1.0.0">
<annotation>
<appinfo source="http://schemas.opengis.net/gml/3.1.1/profiles/gmlsfProfile/1.0.0/gmlsfLevels.xsd">
<gmlsf:ComplianceLevel>0</gmlsf:ComplianceLevel>
<gmlsf:GMLProfileSchema>http://schemas.opengis.net/gml/3.1.1/profiles/gmlsfProfile/1.0.0/gmlsf.xsd</gmlsf:GMLProfileSchema>
</appinfo>
</annotation>
<import namespace="http://www.opengis.net/gml" schemaLocation="http://schemas.opengis.net/gml/3.1.1/profiles/gmlsfProfile/1.0.0/gmlsf.xsd"/>
<import namespace="http://www.opengis.net/gmlsf" schemaLocation="http://schemas.opengis.net/gml/3.1.1/profiles/gmlsfProfile/1.0.0/gmlsfLevels.xsd"/>
<element name="FeatureCollection" type="fme:FeatureCollectionType" substitutionGroup="gml:_GML"/>
<complexType name="FeatureCollectionType"><complexContent><extension base="gml:AbstractFeatureType"><sequence minOccurs="0" maxOccurs="unbounded"><element name="featureMember"><complexType><sequence><element ref="gml:_Feature"/></sequence></complexType></element></sequence></extension></complexContent>
</complexType>
<element name="beperkingengebied_objecten_vrijheid_van_meningsuiting_provinciale_wegen" type="fme:beperkingengebied_objecten_vrijheid_van_meningsuiting_provinciale_wegenType" substitutionGroup="gml:_Feature"/>
<complexType name="beperkingengebied_objecten_vrijheid_van_meningsuiting_provinciale_wegenType">
<complexContent>
<extension base="gml:AbstractFeatureType">
<sequence>
<element name="OBJECTID" minOccurs="0" type="int"/>
<element name="SHAPE_Length" minOccurs="0" type="double"/>
<element name="SHAPE_Area" minOccurs="0" type="double"/>
<element name="surfaceProperty" type="gml:SurfacePropertyType" minOccurs="0"/>
<element name="multiSurfaceProperty" type="gml:MultiSurfacePropertyType" minOccurs="0"/>
</sequence>
</extension>
</complexContent>
</complexType>
<element name="beperkingengebied_scheepvaartafmetingen_en_diepgang_schepen_provinciale_vaarwegen_e" type="fme:beperkingengebied_scheepvaartafmetingen_en_diepgang_schepen_provinciale_vaarwegen_eType" substitutionGroup="gml:_Feature"/>
<complexType name="beperkingengebied_scheepvaartafmetingen_en_diepgang_schepen_provinciale_vaarwegen_eType">
<complexContent>
<extension base="gml:AbstractFeatureType">
<sequence>
<element name="OBJECTID" minOccurs="0" type="int"/>
<element name="SHAPE_Length" minOccurs="0" type="double"/>
<element name="SHAPE_Area" minOccurs="0" type="double"/>
<element name="surfaceProperty" type="gml:SurfacePropertyType" minOccurs="0"/>
<element name="multiSurfaceProperty" type="gml:MultiSurfacePropertyType" minOccurs="0"/>
</sequence>
</extension>
</complexContent>
</complexType>
<element name="Stiltegebieden_B" type="fme:Stiltegebieden_BType" substitutionGroup="gml:_Feature"/>
<complexType name="Stiltegebieden_BType">
<complexContent>
<extension base="gml:AbstractFeatureType">
<sequence>
<element name="OBJECTID" minOccurs="0" type="int"/>
<element name="se_anno_cad_data" minOccurs="0" type="string"/>
<element name="Shape_Length" minOccurs="0" type="double"/>
<element name="Shape_Area" minOccurs="0" type="double"/>
<element name="surfaceProperty" type="gml:SurfacePropertyType" minOccurs="0"/>
<element name="multiSurfaceProperty" type="gml:MultiSurfacePropertyType" minOccurs="0"/>
</sequence>
</extension>
</complexContent>
</complexType>
<element name="Beperkingengebied_beheer_provinciale_wegen" type="fme:Beperkingengebied_beheer_provinciale_wegenType" substitutionGroup="gml:_Feature"/>
<complexType name="Beperkingengebied_beheer_provinciale_wegenType">
<complexContent>
<extension base="gml:AbstractFeatureType">
<sequence>
<element name="OBJECTID" minOccurs="0" type="int"/>
<element name="SHAPE_Length" minOccurs="0" type="double"/>
<element name="SHAPE_Area" minOccurs="0" type="double"/>
<element name="surfaceProperty" type="gml:SurfacePropertyType" minOccurs="0"/>
<element name="multiSurfaceProperty" type="gml:MultiSurfacePropertyType" minOccurs="0"/>
</sequence>
</extension>
</complexContent>
</complexType>
<element name="aardkundig_waardevolle_gebieden" type="fme:aardkundig_waardevolle_gebiedenType" substitutionGroup="gml:_Feature"/>
<complexType name="aardkundig_waardevolle_gebiedenType">
<complexContent>
<extension base="gml:AbstractFeatureType">
<sequence>
<element name="OBJECTID_1" minOccurs="0" type="int"/>
<element name="objectid" minOccurs="0" type="int"/>
<element name="nummer" minOccurs="0" type="double"/>
<element name="naam" minOccurs="0">
<simpleType>
<restriction base="string">
<maxLength value="254"/>
</restriction>
</simpleType>
</element>
<element name="waardering" minOccurs="0">
<simpleType>
<restriction base="string">
<maxLength value="254"/>
</restriction>
</simpleType>
</element>
<element name="globalid" minOccurs="0">
<simpleType>
<restriction base="string">
<maxLength value="254"/>
</restriction>
</simpleType>
</element>
<element name="monumentge" minOccurs="0">
<simpleType>
<restriction base="string">
<maxLength value="254"/>
</restriction>
</simpleType>
</element>
<element name="Shape_Length" minOccurs="0" type="double"/>
<element name="Shape_Area" minOccurs="0" type="double"/>
<element name="surfaceProperty" type="gml:SurfacePropertyType" minOccurs="0"/>
<element name="multiSurfaceProperty" type="gml:MultiSurfacePropertyType" minOccurs="0"/>
</sequence>
</extension>
</complexContent>
</complexType>
<element name="zeeland_minus_water" type="fme:zeeland_minus_waterType" substitutionGroup="gml:_Feature"/>
<complexType name="zeeland_minus_waterType">
<complexContent>
<extension base="gml:AbstractFeatureType">
<sequence>
<element name="OBJECTID_1" minOccurs="0" type="int"/>
<element name="OBJECTID" minOccurs="0" type="double"/>
<element name="TOPODELTA" minOccurs="0" type="double"/>
<element name="LANDCODE" minOccurs="0">
<simpleType>
<restriction base="string">
<maxLength value="1"/>
</restriction>
</simpleType>
</element>
<element name="FID_BebKomRO" minOccurs="0" type="int"/>
<element name="BOUWCODE" minOccurs="0" type="int"/>
<element name="GROOT_CAT" minOccurs="0" type="int"/>
<element name="NAAM" minOccurs="0">
<simpleType>
<restriction base="string">
<maxLength value="30"/>
</restriction>
</simpleType>
</element>
<element name="GISCODE" minOccurs="0">
<simpleType>
<restriction base="string">
<maxLength value="9"/>
</restriction>
</simpleType>
</element>
<element name="JAN2001" minOccurs="0" type="double"/>
<element name="OPPERVLAKTE" minOccurs="0" type="int"/>
<element name="GEMEENTE" minOccurs="0">
<simpleType>
<restriction base="string">
<maxLength value="50"/>
</restriction>
</simpleType>
</element>
<element name="XMIN" minOccurs="0" type="double"/>
<element name="XMAX" minOccurs="0" type="double"/>
<element name="YMIN" minOccurs="0" type="double"/>
<element name="YMAX" minOccurs="0" type="double"/>
<element name="FID_Top500Bebouwd" minOccurs="0" type="int"/>
<element name="TDN_CODE" minOccurs="0" type="short"/>
<element name="OMSCHRIJVING" minOccurs="0">
<simpleType>
<restriction base="string">
<maxLength value="28"/>
</restriction>
</simpleType>
</element>
<element name="VIEW_CODE" minOccurs="0" type="short"/>
<element name="LAND" minOccurs="0">
<simpleType>
<restriction base="string">
<maxLength value="50"/>
</restriction>
</simpleType>
</element>
<element name="PROVINCIE" minOccurs="0">
<simpleType>
<restriction base="string">
<maxLength value="50"/>
</restriction>
</simpleType>
</element>
<element name="FID_Bedrijf2010" minOccurs="0" type="int"/>
<element name="RINNR" minOccurs="0" type="double"/>
<element name="OPPERVLAKTE_1" minOccurs="0" type="double"/>
<element name="BEHEERDER" minOccurs="0">
<simpleType>
<restriction base="string">
<maxLength value="50"/>
</restriction>
</simpleType>
</element>
<element name="SOORT" minOccurs="0">
<simpleType>
<restriction base="string">
<maxLength value="50"/>
</restriction>
</simpleType>
</element>
<element name="GEMEENTE_1" minOccurs="0">
<simpleType>
<restriction base="string">
<maxLength value="50"/>
</restriction>
</simpleType>
</element>
<element name="SOORT_TERREIN" minOccurs="0">
<simpleType>
<restriction base="string">
<maxLength value="50"/>
</restriction>
</simpleType>
</element>
<element name="VEROUDERD" minOccurs="0">
<simpleType>
<restriction base="string">
<maxLength value="15"/>
</restriction>
</simpleType>
</element>
<element name="PLANNAAM" minOccurs="0">
<simpleType>
<restriction base="string">
<maxLength value="150"/>
</restriction>
</simpleType>
</element>
<element name="FID_Top500Infra" minOccurs="0" type="int"/>
<element name="TDN_CODE_1" minOccurs="0" type="short"/>
<element name="VIEW_CODE_1" minOccurs="0" type="short"/>
<element name="LAND_1" minOccurs="0">
<simpleType>
<restriction base="string">
<maxLength value="50"/>
</restriction>
</simpleType>
</element>
<element name="PROVINCIE_1" minOccurs="0">
<simpleType>
<restriction base="string">
<maxLength value="50"/>
</restriction>
</simpleType>
</element>
<element name="Shape_Length" minOccurs="0" type="double"/>
<element name="Shape_Area" minOccurs="0" type="double"/>
<element name="surfaceProperty" type="gml:SurfacePropertyType" minOccurs="0"/>
<element name="multiSurfaceProperty" type="gml:MultiSurfacePropertyType" minOccurs="0"/>
</sequence>
</extension>
</complexContent>
</complexType>
<element name="ganzenrustgebieden" type="fme:ganzenrustgebiedenType" substitutionGroup="gml:_Feature"/>
<complexType name="ganzenrustgebiedenType">
<complexContent>
<extension base="gml:AbstractFeatureType">
<sequence>
<element name="OBJECTID_1" minOccurs="0" type="int"/>
<element name="objectid" minOccurs="0" type="int"/>
<element name="ha" minOccurs="0" type="double"/>
<element name="naam" minOccurs="0">
<simpleType>
<restriction base="string">
<maxLength value="100"/>
</restriction>
</simpleType>
</element>
<element name="st_area_sh" minOccurs="0" type="double"/>
<element name="st_length_" minOccurs="0" type="double"/>
<element name="Shape_Length" minOccurs="0" type="double"/>
<element name="Shape_Area" minOccurs="0" type="double"/>
<element name="surfaceProperty" type="gml:SurfacePropertyType" minOccurs="0"/>
<element name="multiSurfaceProperty" type="gml:MultiSurfacePropertyType" minOccurs="0"/>
</sequence>
</extension>
</complexContent>
</complexType>
<element name="Beperkingengebied_uitzichtstroken_provinciale_wegen_buiten_de_bebouwde_kom" type="fme:Beperkingengebied_uitzichtstroken_provinciale_wegen_buiten_de_bebouwde_komType" substitutionGroup="gml:_Feature"/>
<complexType name="Beperkingengebied_uitzichtstroken_provinciale_wegen_buiten_de_bebouwde_komType">
<complexContent>
<extension base="gml:AbstractFeatureType">
<sequence>
<element name="OBJECTID" minOccurs="0" type="int"/>
<element name="SHAPE_Length" minOccurs="0" type="double"/>
<element name="SHAPE_Area" minOccurs="0" type="double"/>
<element name="surfaceProperty" type="gml:SurfacePropertyType" minOccurs="0"/>
<element name="multiSurfaceProperty" type="gml:MultiSurfacePropertyType" minOccurs="0"/>
</sequence>
</extension>
</complexContent>
</complexType>
<element name="beperkingengebied_ankerplaatsen_provinciale_vaarwegen" type="fme:beperkingengebied_ankerplaatsen_provinciale_vaarwegenType" substitutionGroup="gml:_Feature"/>
<complexType name="beperkingengebied_ankerplaatsen_provinciale_vaarwegenType">
<complexContent>
<extension base="gml:AbstractFeatureType">
<sequence>
<element name="OBJECTID" minOccurs="0" type="int"/>
<element name="SHAPE_Length" minOccurs="0" type="double"/>
<element name="SHAPE_Area" minOccurs="0" type="double"/>
<element name="surfaceProperty" type="gml:SurfacePropertyType" minOccurs="0"/>
<element name="multiSurfaceProperty" type="gml:MultiSurfacePropertyType" minOccurs="0"/>
</sequence>
</extension>
</complexContent>
</complexType>
<element name="beperkingengebied_scheepvaartafmetingen_en_diepgang_schepen_provinciale_vaarwegen_c" type="fme:beperkingengebied_scheepvaartafmetingen_en_diepgang_schepen_provinciale_vaarwegen_cType" substitutionGroup="gml:_Feature"/>
<complexType name="beperkingengebied_scheepvaartafmetingen_en_diepgang_schepen_provinciale_vaarwegen_cType">
<complexContent>
<extension base="gml:AbstractFeatureType">
<sequence>
<element name="OBJECTID" minOccurs="0" type="int"/>
<element name="SHAPE_Length" minOccurs="0" type="double"/>
<element name="SHAPE_Area" minOccurs="0" type="double"/>
<element name="surfaceProperty" type="gml:SurfacePropertyType" minOccurs="0"/>
<element name="multiSurfaceProperty" type="gml:MultiSurfacePropertyType" minOccurs="0"/>
</sequence>
</extension>
</complexContent>
</complexType>
<element name="beperkingengebied_scheepvaartafmetingen_en_diepgang_schepen_provinciale_vaarwegen_b" type="fme:beperkingengebied_scheepvaartafmetingen_en_diepgang_schepen_provinciale_vaarwegen_bType" substitutionGroup="gml:_Feature"/>
<complexType name="beperkingengebied_scheepvaartafmetingen_en_diepgang_schepen_provinciale_vaarwegen_bType">
<complexContent>
<extension base="gml:AbstractFeatureType">
<sequence>
<element name="OBJECTID" minOccurs="0" type="int"/>
<element name="SHAPE_Length" minOccurs="0" type="double"/>
<element name="SHAPE_Area" minOccurs="0" type="double"/>
<element name="surfaceProperty" type="gml:SurfacePropertyType" minOccurs="0"/>
<element name="multiSurfaceProperty" type="gml:MultiSurfacePropertyType" minOccurs="0"/>
</sequence>
</extension>
</complexContent>
</complexType>
<element name="beperkingengebied_toegangsdam_buiten_de_berm_voor_landbouw_en_tuinbouwproducten" type="fme:beperkingengebied_toegangsdam_buiten_de_berm_voor_landbouw_en_tuinbouwproductenType" substitutionGroup="gml:_Feature"/>
<complexType name="beperkingengebied_toegangsdam_buiten_de_berm_voor_landbouw_en_tuinbouwproductenType">
<complexContent>
<extension base="gml:AbstractFeatureType">
<sequence>
<element name="OBJECTID" minOccurs="0" type="int"/>
<element name="SHAPE_Length" minOccurs="0" type="double"/>
<element name="SHAPE_Area" minOccurs="0" type="double"/>
<element name="surfaceProperty" type="gml:SurfacePropertyType" minOccurs="0"/>
<element name="multiSurfaceProperty" type="gml:MultiSurfacePropertyType" minOccurs="0"/>
</sequence>
</extension>
</complexContent>
</complexType>
<element name="beperkingengebied_scheepvaartafmetingen_en_diepgang_schepen_provinciale_vaarwegen_d" type="fme:beperkingengebied_scheepvaartafmetingen_en_diepgang_schepen_provinciale_vaarwegen_dType" substitutionGroup="gml:_Feature"/>
<complexType name="beperkingengebied_scheepvaartafmetingen_en_diepgang_schepen_provinciale_vaarwegen_dType">
<complexContent>
<extension base="gml:AbstractFeatureType">
<sequence>
<element name="OBJECTID" minOccurs="0" type="int"/>
<element name="SHAPE_Length" minOccurs="0" type="double"/>
<element name="SHAPE_Area" minOccurs="0" type="double"/>
<element name="surfaceProperty" type="gml:SurfacePropertyType" minOccurs="0"/>
<element name="multiSurfaceProperty" type="gml:MultiSurfacePropertyType" minOccurs="0"/>
</sequence>
</extension>
</complexContent>
</complexType>
<element name="beperkingengebied_scheepvaartafmetingen_en_diepgang_schepen_provinciale_vaarwegen_a" type="fme:beperkingengebied_scheepvaartafmetingen_en_diepgang_schepen_provinciale_vaarwegen_aType" substitutionGroup="gml:_Feature"/>
<complexType name="beperkingengebied_scheepvaartafmetingen_en_diepgang_schepen_provinciale_vaarwegen_aType">
<complexContent>
<extension base="gml:AbstractFeatureType">
<sequence>
<element name="OBJECTID" minOccurs="0" type="int"/>
<element name="SHAPE_Length" minOccurs="0" type="double"/>
<element name="SHAPE_Area" minOccurs="0" type="double"/>
<element name="surfaceProperty" type="gml:SurfacePropertyType" minOccurs="0"/>
<element name="multiSurfaceProperty" type="gml:MultiSurfacePropertyType" minOccurs="0"/>
</sequence>
</extension>
</complexContent>
</complexType>
<element name="zeeland_water" type="fme:zeeland_waterType" substitutionGroup="gml:_Feature"/>
<complexType name="zeeland_waterType">
<complexContent>
<extension base="gml:AbstractFeatureType">
<sequence>
<element name="OBJECTID" minOccurs="0" type="int"/>
<element name="PROVINCIES_ID" minOccurs="0" type="int"/>
<element name="TDN_CODE" minOccurs="0" type="int"/>
<element name="OMSCHRIJVING" minOccurs="0">
<simpleType>
<restriction base="string">
<maxLength value="28"/>
</restriction>
</simpleType>
</element>
<element name="DID" minOccurs="0" type="short"/>
<element name="Shape_Length" minOccurs="0" type="double"/>
<element name="Shape_Area" minOccurs="0" type="double"/>
<element name="surfaceProperty" type="gml:SurfacePropertyType" minOccurs="0"/>
<element name="multiSurfaceProperty" type="gml:MultiSurfacePropertyType" minOccurs="0"/>
</sequence>
</extension>
</complexContent>
</complexType>
<element name="Stiltegebieden_A" type="fme:Stiltegebieden_AType" substitutionGroup="gml:_Feature"/>
<complexType name="Stiltegebieden_AType">
<complexContent>
<extension base="gml:AbstractFeatureType">
<sequence>
<element name="OBJECTID" minOccurs="0" type="int"/>
<element name="buff_dist" minOccurs="0" type="double"/>
<element name="se_anno_cad_data" minOccurs="0" type="string"/>
<element name="Shape_Length" minOccurs="0" type="double"/>
<element name="Shape_Area" minOccurs="0" type="double"/>
<element name="surfaceProperty" type="gml:SurfacePropertyType" minOccurs="0"/>
<element name="multiSurfaceProperty" type="gml:MultiSurfacePropertyType" minOccurs="0"/>
</sequence>
</extension>
</complexContent>
</complexType>
<element name="grondwaterbeschermingszone" type="fme:grondwaterbeschermingszoneType" substitutionGroup="gml:_Feature"/>
<complexType name="grondwaterbeschermingszoneType">
<complexContent>
<extension base="gml:AbstractFeatureType">
<sequence>
<element name="OBJECTID" minOccurs="0" type="int"/>
<element name="XYZ_GEONAM_GRDWTRBSHGBDVLK_AREA" minOccurs="0" type="double"/>
<element name="PERIMETER" minOccurs="0" type="double"/>
<element name="PMV_GW_" minOccurs="0" type="int"/>
<element name="PMV_GW_ID" minOccurs="0" type="int"/>
<element name="GWBGCODE" minOccurs="0" type="short"/>
<element name="OMSCHRIJVING" minOccurs="0">
<simpleType>
<restriction base="string">
<maxLength value="64"/>
</restriction>
</simpleType>
</element>
<element name="OPPERVLAKTE" minOccurs="0" type="double"/>
<element name="SHAPE_Length" minOccurs="0" type="double"/>
<element name="SHAPE_Area" minOccurs="0" type="double"/>
<element name="surfaceProperty" type="gml:SurfacePropertyType" minOccurs="0"/>
<element name="multiSurfaceProperty" type="gml:MultiSurfacePropertyType" minOccurs="0"/>
</sequence>
</extension>
</complexContent>
</complexType>
<element name="beperkingengebied_scheepvaartafmetingen_en_diepgang_schepen_provinciale_vaarwegen_F" type="fme:beperkingengebied_scheepvaartafmetingen_en_diepgang_schepen_provinciale_vaarwegen_FType" substitutionGroup="gml:_Feature"/>
<complexType name="beperkingengebied_scheepvaartafmetingen_en_diepgang_schepen_provinciale_vaarwegen_FType">
<complexContent>
<extension base="gml:AbstractFeatureType">
<sequence>
<element name="OBJECTID" minOccurs="0" type="int"/>
<element name="SHAPE_Length" minOccurs="0" type="double"/>
<element name="SHAPE_Area" minOccurs="0" type="double"/>
<element name="surfaceProperty" type="gml:SurfacePropertyType" minOccurs="0"/>
<element name="multiSurfaceProperty" type="gml:MultiSurfacePropertyType" minOccurs="0"/>
</sequence>
</extension>
</complexContent>
</complexType>
<element name="grondwaterbeschermingsgebieden" type="fme:grondwaterbeschermingsgebiedenType" substitutionGroup="gml:_Feature"/>
<complexType name="grondwaterbeschermingsgebiedenType">
<complexContent>
<extension base="gml:AbstractFeatureType">
<sequence>
<element name="OBJECTID" minOccurs="0" type="int"/>
<element name="XYZ_GEONAM_GRDWTRBSHGBDVLK_AREA" minOccurs="0" type="double"/>
<element name="PERIMETER" minOccurs="0" type="double"/>
<element name="PMV_GW_" minOccurs="0" type="int"/>
<element name="PMV_GW_ID" minOccurs="0" type="int"/>
<element name="GWBGCODE" minOccurs="0" type="short"/>
<element name="OMSCHRIJVING" minOccurs="0">
<simpleType>
<restriction base="string">
<maxLength value="64"/>
</restriction>
</simpleType>
</element>
<element name="OPPERVLAKTE" minOccurs="0" type="double"/>
<element name="SHAPE_Length" minOccurs="0" type="double"/>
<element name="SHAPE_Area" minOccurs="0" type="double"/>
<element name="surfaceProperty" type="gml:SurfacePropertyType" minOccurs="0"/>
<element name="multiSurfaceProperty" type="gml:MultiSurfacePropertyType" minOccurs="0"/>
</sequence>
</extension>
</complexContent>
</complexType>
<element name="Beperkingengebied_vrijwaringszone_provinciale_wegen" type="fme:Beperkingengebied_vrijwaringszone_provinciale_wegenType" substitutionGroup="gml:_Feature"/>
<complexType name="Beperkingengebied_vrijwaringszone_provinciale_wegenType">
<complexContent>
<extension base="gml:AbstractFeatureType">
<sequence>
<element name="OBJECTID" minOccurs="0" type="int"/>
<element name="SHAPE_Length" minOccurs="0" type="double"/>
<element name="SHAPE_Area" minOccurs="0" type="double"/>
<element name="surfaceProperty" type="gml:SurfacePropertyType" minOccurs="0"/>
<element name="multiSurfaceProperty" type="gml:MultiSurfacePropertyType" minOccurs="0"/>
</sequence>
</extension>
</complexContent>
</complexType>
<element name="vaarweg" type="fme:vaarwegType" substitutionGroup="gml:_Feature"/>
<complexType name="vaarwegType">
<complexContent>
<extension base="gml:AbstractFeatureType">
<sequence>
<element name="OBJECTID" minOccurs="0" type="int"/>
<element name="SHAPE_Length" minOccurs="0" type="double"/>
<element name="SHAPE_Area" minOccurs="0" type="double"/>
<element name="surfaceProperty" type="gml:SurfacePropertyType" minOccurs="0"/>
<element name="multiSurfaceProperty" type="gml:MultiSurfacePropertyType" minOccurs="0"/>
</sequence>
</extension>
</complexContent>
</complexType>
<element name="duisternisgebieden_en_in_het_invloedgebied" type="fme:duisternisgebieden_en_in_het_invloedgebiedType" substitutionGroup="gml:_Feature"/>
<complexType name="duisternisgebieden_en_in_het_invloedgebiedType">
<complexContent>
<extension base="gml:AbstractFeatureType">
<sequence>
<element name="OBJECTID" minOccurs="0" type="int"/>
<element name="id" minOccurs="0" type="int"/>
<element name="gebiednaam" minOccurs="0">
<simpleType>
<restriction base="string">
<maxLength value="50"/>
</restriction>
</simpleType>
</element>
<element name="BUFF_DIST" minOccurs="0" type="double"/>
<element name="ORIG_FID" minOccurs="0" type="int"/>
<element name="Shape_Length" minOccurs="0" type="double"/>
<element name="Shape_Area" minOccurs="0" type="double"/>
<element name="surfaceProperty" type="gml:SurfacePropertyType" minOccurs="0"/>
<element name="multiSurfaceProperty" type="gml:MultiSurfacePropertyType" minOccurs="0"/>
</sequence>
</extension>
</complexContent>
</complexType>
<element name="beperkingengebied_verbod_toegangsdam_buiten_de_berm_voor_landbouw_en_tuinbouwproducten" type="fme:beperkingengebied_verbod_toegangsdam_buiten_de_berm_voor_landbouw_en_tuinbouwproductenType" substitutionGroup="gml:_Feature"/>
<complexType name="beperkingengebied_verbod_toegangsdam_buiten_de_berm_voor_landbouw_en_tuinbouwproductenType">
<complexContent>
<extension base="gml:AbstractFeatureType">
<sequence>
<element name="OBJECTID" minOccurs="0" type="int"/>
<element name="SHAPE_Length" minOccurs="0" type="double"/>
<element name="SHAPE_Area" minOccurs="0" type="double"/>
<element name="surfaceProperty" type="gml:SurfacePropertyType" minOccurs="0"/>
<element name="multiSurfaceProperty" type="gml:MultiSurfacePropertyType" minOccurs="0"/>
</sequence>
</extension>
</complexContent>
</complexType>
<element name="beperkingengebied_beheer_provinciale_vaarwegen" type="fme:beperkingengebied_beheer_provinciale_vaarwegenType" substitutionGroup="gml:_Feature"/>
<complexType name="beperkingengebied_beheer_provinciale_vaarwegenType">
<complexContent>
<extension base="gml:AbstractFeatureType">
<sequence>
<element name="OBJECTID" minOccurs="0" type="int"/>
<element name="SHAPE_Length" minOccurs="0" type="double"/>
<element name="SHAPE_Area" minOccurs="0" type="double"/>
<element name="surfaceProperty" type="gml:SurfacePropertyType" minOccurs="0"/>
<element name="multiSurfaceProperty" type="gml:MultiSurfacePropertyType" minOccurs="0"/>
</sequence>
</extension>
</complexContent>
</complexType>
</schema>
