<?xml version="1.0" encoding="UTF-8"?>
<gvmb:manifest xmlns:gvt="http://www.kadaster.nl/schemas/geovalidaties/typen/v20181101" 
xmlns:gvmb="http://www.kadaster.nl/schemas/geovalidaties/manifestbestand/v20181101">
 <gvmb:bestand>
 <bestandsnaam>2goede.xml</bestandsnaam>
 <geovalidatieconfiguratie>
 <crs>
 <gvt:code>1</gvt:code>
<gvt:waarde>RD</gvt:waarde>
 </crs>
 <geostandaard>
 <gvt:code>1</gvt:code>
<gvt:waarde>GML321SF2</gvt:waarde>
 </geostandaard>
 <gmlType>
 <gvt:code>2</gvt:code>
<gvt:waarde>Surface</gvt:waarde>
 </gmlType>
 </geovalidatieconfiguratie>
 </gvmb:bestand>
 </gvmb:manifest>